"id";"firstname";"lastname";"email"
"1";"Timothy";"Sanford";"Timothy.Sanford16@yahoo.com"
"2";"Antoinette";"Heathcote";"Antoinette.Heathcote@gmail.com"
"3";"Mitchell";"Beier";"Mitchell59@hotmail.com"
"4";"Virginia";"Hessel";"Virginia.Hessel35@gmail.com"
"5";"Bernice";"Kertzmann";"Bernice.Kertzmann45@gmail.com"
"6";"Yvonne";"Quigley";"Yvonne34@hotmail.com"
"7";"Monique";"Cremin";"Monique_Cremin@hotmail.com"
"8";"Chester";"Friesen";"Chester85@hotmail.com"
"9";"Sandy";"Vandervort";"Sandy_Vandervort16@hotmail.com"
"10";"Jamie";"Hand";"Jamie66@yahoo.com"
"11";"Olivia";"Turcotte";"Olivia69@hotmail.com"
"12";"Jesse";"Abbott";"Jesse_Abbott5@yahoo.com"
"13";"Laurie";"Braun-White";"Laurie.Braun-White@yahoo.com"
"14";"Marvin";"Hirthe";"Marvin_Hirthe@yahoo.com"
"15";"Shannon";"Wisoky";"Shannon_Wisoky68@hotmail.com"
"16";"Keith";"Gibson";"Keith_Gibson63@yahoo.com"
"17";"Louis";"Feest";"Louis_Feest49@yahoo.com"
"18";"Pauline";"Towne";"Pauline_Towne@hotmail.com"
"19";"Don";"Lindgren";"Don_Lindgren@hotmail.com"
"20";"Curtis";"Bashirian";"Curtis_Bashirian@hotmail.com"
"21";"Maxine";"Crona";"Maxine22@hotmail.com"
"22";"Misty";"Heidenreich";"Misty_Heidenreich@gmail.com"
"23";"Leroy";"Wisozk";"Leroy.Wisozk87@yahoo.com"
"24";"Lorene";"Gibson";"Lorene_Gibson@gmail.com"
"25";"Hazel";"Wisoky";"Hazel.Wisoky@hotmail.com"
"26";"Lawrence";"Quitzon";"Lawrence0@hotmail.com"
"27";"Kenneth";"Smitham";"Kenneth.Smitham45@yahoo.com"
"28";"Philip";"Bednar";"Philip.Bednar@yahoo.com"
"29";"Edward";"Huels";"Edward_Huels@yahoo.com"
"30";"Dwayne";"Runolfsdottir";"Dwayne.Runolfsdottir@yahoo.com"
"31";"Nora";"Schuppe";"Nora60@gmail.com"
"32";"Freda";"Murray";"Freda_Murray79@hotmail.com"
"33";"Louise";"Schinner";"Louise.Schinner29@hotmail.com"
"34";"Katie";"Donnelly";"Katie.Donnelly@gmail.com"
"35";"Grady";"Gusikowski";"Grady.Gusikowski96@gmail.com"
"36";"Santiago";"Rutherford";"Santiago86@gmail.com"
"37";"Blanche";"Runolfsson";"Blanche_Runolfsson7@yahoo.com"
"38";"Evan";"Roob";"Evan.Roob68@yahoo.com"
"39";"Jerome";"Tillman";"Jerome_Tillman78@yahoo.com"
"40";"Kevin";"Runolfsson";"Kevin_Runolfsson@yahoo.com"
"41";"Jack";"Nolan";"Jack_Nolan@yahoo.com"
"42";"Jonathon";"Schmidt";"Jonathon59@hotmail.com"
"43";"Marcella";"Harvey";"Marcella.Harvey@gmail.com"
"44";"Susan";"Schmeler";"Susan.Schmeler@gmail.com"
"45";"Candice";"Hyatt";"Candice.Hyatt51@yahoo.com"
"46";"Judith";"Grimes";"Judith42@gmail.com"
"47";"Sean";"Wuckert-Von";"Sean_Wuckert-Von@gmail.com"
"48";"Curtis";"Sauer";"Curtis.Sauer@gmail.com"
"49";"Lydia";"Wisozk";"Lydia_Wisozk@yahoo.com"
"50";"Claire";"Turcotte";"Claire_Turcotte@yahoo.com"
"51";"Randal";"Homenick";"Randal55@yahoo.com"
"52";"Gilbert";"Kerluke";"Gilbert4@yahoo.com"
"53";"Latoya";"Walsh";"Latoya_Walsh76@yahoo.com"
"54";"Fernando";"Schuster";"Fernando.Schuster75@yahoo.com"
"55";"Ed";"Reilly-Block";"Ed.Reilly-Block@gmail.com"
"56";"Shelly";"Fritsch";"Shelly_Fritsch@gmail.com"
"57";"Rick";"Conn";"Rick_Conn@yahoo.com"
"58";"Mathew";"Fay";"Mathew.Fay@hotmail.com"
"59";"Noah";"Orn";"Noah.Orn30@hotmail.com"
"60";"Ella";"Little";"Ella15@gmail.com"
"61";"Eva";"Greenfelder";"Eva50@yahoo.com"
"62";"Elias";"Koepp";"Elias75@gmail.com"
"63";"Jasmine";"Barrows";"Jasmine_Barrows@hotmail.com"
"64";"Blake";"Pollich";"Blake_Pollich@gmail.com"
"65";"Henry";"Walsh";"Henry_Walsh@hotmail.com"
"66";"Ida";"Emard";"Ida.Emard59@gmail.com"
"67";"Mike";"Powlowski";"Mike_Powlowski17@hotmail.com"
"68";"Cathy";"Harris";"Cathy38@gmail.com"
"69";"Leonard";"Murray";"Leonard.Murray38@gmail.com"
"70";"Jasmine";"Wunsch";"Jasmine27@yahoo.com"
"71";"Deanna";"Wilkinson";"Deanna19@hotmail.com"
"72";"Armando";"Padberg";"Armando_Padberg@yahoo.com"
"73";"Jordan";"Carter";"Jordan_Carter70@hotmail.com"
"74";"Dave";"Pagac";"Dave23@yahoo.com"
"75";"Edwin";"Zboncak";"Edwin91@gmail.com"
"76";"Ebony";"Abshire";"Ebony39@yahoo.com"
"77";"Frank";"Dare";"Frank.Dare@yahoo.com"
"78";"May";"Bergstrom";"May.Bergstrom22@yahoo.com"
"79";"Rosemary";"Bartoletti";"Rosemary.Bartoletti49@gmail.com"
"80";"Jamie";"Bahringer";"Jamie53@hotmail.com"
"81";"Tomas";"DuBuque";"Tomas.DuBuque71@hotmail.com"
"82";"Maryann";"Adams";"Maryann_Adams80@yahoo.com"
"83";"Clint";"Dare";"Clint_Dare6@yahoo.com"
"84";"Traci";"Nienow";"Traci27@hotmail.com"
"85";"Edgar";"Collier";"Edgar8@yahoo.com"
"86";"Sheri";"O'Keefe";"Sheri45@hotmail.com"
"87";"Colleen";"Orn";"Colleen87@yahoo.com"
"88";"Corey";"Lynch";"Corey85@yahoo.com"
"89";"Lauren";"Waelchi";"Lauren.Waelchi@yahoo.com"
"90";"Travis";"Bashirian";"Travis49@gmail.com"
"91";"Danielle";"Kuvalis";"Danielle.Kuvalis97@gmail.com"
"92";"Tina";"Rohan-Kihn";"Tina38@yahoo.com"
"93";"Ramona";"Stehr";"Ramona.Stehr72@gmail.com"
"94";"Ethel";"Orn";"Ethel_Orn@yahoo.com"
"95";"Alex";"Thiel";"Alex44@gmail.com"
"96";"Josh";"Kerluke";"Josh90@gmail.com"
"97";"Monique";"Moore";"Monique.Moore59@yahoo.com"
"98";"Armando";"Terry";"Armando7@yahoo.com"
"99";"Edward";"Cruickshank";"Edward44@gmail.com"
"100";"Latoya";"Greenfelder";"Latoya.Greenfelder66@hotmail.com"
"101";"Penny";"Deckow";"Penny83@hotmail.com"
"102";"Erma";"Rosenbaum-Rutherford";"Erma_Rosenbaum-Rutherford68@hotmail.com"
"103";"Gayle";"Rempel";"Gayle_Rempel33@gmail.com"
"104";"Thelma";"Runte";"Thelma.Runte12@hotmail.com"
"105";"Walter";"Bergnaum";"Walter.Bergnaum94@hotmail.com"
"106";"Alyssa";"Kozey";"Alyssa_Kozey@yahoo.com"
"107";"Mary";"Ward";"Mary.Ward@gmail.com"
"108";"Leslie";"Thiel";"Leslie.Thiel33@gmail.com"
"109";"Candice";"Hayes";"Candice_Hayes@yahoo.com"
"110";"Stella";"Quitzon";"Stella62@yahoo.com"
"111";"Karl";"Predovic";"Karl.Predovic@hotmail.com"
"112";"Anita";"Gorczany";"Anita_Gorczany@yahoo.com"
"113";"Lynne";"Lemke-O'Connell";"Lynne51@yahoo.com"
"114";"Phillip";"O'Reilly";"Phillip75@hotmail.com"
"115";"Lillie";"Mills";"Lillie_Mills@hotmail.com"
"116";"Lloyd";"Rosenbaum";"Lloyd.Rosenbaum@hotmail.com"
"117";"Chad";"Mitchell";"Chad.Mitchell@gmail.com"
"118";"Nicole";"Kilback";"Nicole.Kilback@yahoo.com"
"119";"Bryan";"Volkman";"Bryan.Volkman@hotmail.com"
"120";"Nick";"Connelly";"Nick.Connelly64@hotmail.com"
"121";"Regina";"Hane-Green";"Regina66@gmail.com"
"122";"Todd";"Hahn";"Todd.Hahn@gmail.com"
"123";"Arthur";"Boyer";"Arthur_Boyer@yahoo.com"
"124";"Joanne";"Stroman";"Joanne39@gmail.com"
"125";"Neal";"Kuhn";"Neal_Kuhn@hotmail.com"
"126";"Mae";"Carroll";"Mae.Carroll@yahoo.com"
"127";"Tracey";"Dare";"Tracey.Dare@yahoo.com"
"128";"Eduardo";"Hintz";"Eduardo11@gmail.com"
"129";"Kelly";"Padberg";"Kelly_Padberg37@hotmail.com"
"130";"Johnny";"Lubowitz";"Johnny4@gmail.com"
"131";"Caleb";"Kerluke-Braun";"Caleb_Kerluke-Braun@gmail.com"
"132";"Noel";"Williamson";"Noel.Williamson@hotmail.com"
"133";"Kimberly";"Schumm";"Kimberly.Schumm@gmail.com"
"134";"John";"Weissnat";"John66@gmail.com"
"135";"Gilbert";"McKenzie";"Gilbert_McKenzie32@yahoo.com"
"136";"Helen";"Schinner";"Helen_Schinner@yahoo.com"
"137";"Guadalupe";"Lynch";"Guadalupe.Lynch22@yahoo.com"
"138";"Whitney";"Krajcik";"Whitney.Krajcik46@gmail.com"
"139";"Dexter";"Hermann";"Dexter_Hermann@gmail.com"
"140";"Beth";"Murray";"Beth97@yahoo.com"
"141";"Sherri";"Willms";"Sherri.Willms71@hotmail.com"
"142";"Taylor";"Windler";"Taylor_Windler@gmail.com"
"143";"Marie";"Murazik";"Marie.Murazik@gmail.com"
"144";"Jeanette";"Kihn";"Jeanette_Kihn@yahoo.com"
"145";"Maurice";"Rogahn";"Maurice_Rogahn@hotmail.com"
"146";"Flora";"Mraz";"Flora_Mraz@yahoo.com"
"147";"Martha";"Cartwright";"Martha33@hotmail.com"
"148";"Sandy";"Abbott-Frami";"Sandy66@gmail.com"
"149";"Lola";"Wintheiser";"Lola73@hotmail.com"
"150";"Maurice";"Buckridge";"Maurice_Buckridge@hotmail.com"
"151";"Ella";"Collins";"Ella.Collins9@hotmail.com"
"152";"Peggy";"Kunde-Kub";"Peggy20@gmail.com"
"153";"Stacey";"Williamson";"Stacey10@hotmail.com"
"154";"Christian";"Dach";"Christian6@hotmail.com"
"155";"Karl";"Brown";"Karl_Brown79@gmail.com"
"156";"Gary";"Gerlach";"Gary91@yahoo.com"
"157";"Helen";"Jaskolski";"Helen.Jaskolski45@hotmail.com"
"158";"Lowell";"Kovacek";"Lowell.Kovacek22@yahoo.com"
"159";"Johnny";"Hettinger";"Johnny.Hettinger23@yahoo.com"
"160";"Julie";"O'Reilly";"Julie_OReilly@yahoo.com"
"161";"Maryann";"Wisozk";"Maryann17@gmail.com"
"162";"Terence";"Rice";"Terence_Rice@hotmail.com"
"163";"Carlton";"Bernhard";"Carlton69@gmail.com"
"164";"Tammy";"Parisian-Dicki";"Tammy_Parisian-Dicki@hotmail.com"
"165";"Maryann";"Rau";"Maryann.Rau@gmail.com"
"166";"Shane";"Bahringer-Wolf";"Shane_Bahringer-Wolf@hotmail.com"
"167";"Joel";"Reilly";"Joel_Reilly@yahoo.com"
"168";"Albert";"Jerde-Yost";"Albert.Jerde-Yost12@yahoo.com"
"169";"Tiffany";"Mante";"Tiffany.Mante@hotmail.com"
"170";"Travis";"Wunsch";"Travis53@hotmail.com"
"171";"Yolanda";"Mertz";"Yolanda.Mertz19@gmail.com"
"172";"Tricia";"McGlynn";"Tricia_McGlynn4@hotmail.com"
"173";"Gail";"Powlowski";"Gail.Powlowski@yahoo.com"
"174";"Leslie";"Mann";"Leslie92@hotmail.com"
"175";"Gina";"Jacobs";"Gina75@hotmail.com"
"176";"Desiree";"Armstrong-Larson";"Desiree_Armstrong-Larson87@gmail.com"
"177";"Nora";"Ratke";"Nora57@gmail.com"
"178";"Melanie";"Connelly";"Melanie85@gmail.com"
"179";"Wayne";"Reilly";"Wayne_Reilly@yahoo.com"
"180";"Nichole";"Wunsch";"Nichole_Wunsch36@gmail.com"
"181";"Rodney";"Deckow";"Rodney.Deckow@hotmail.com"
"182";"Nathaniel";"Wyman";"Nathaniel11@yahoo.com"
"183";"Vicky";"Bradtke";"Vicky.Bradtke6@hotmail.com"
"184";"Tommie";"Casper";"Tommie.Casper@yahoo.com"
"185";"Cassandra";"Vandervort";"Cassandra_Vandervort10@yahoo.com"
"186";"Van";"Pfannerstill";"Van_Pfannerstill@yahoo.com"
"187";"Omar";"Abshire";"Omar_Abshire@yahoo.com"
"188";"Leona";"Grimes";"Leona54@hotmail.com"
"189";"Stewart";"Streich";"Stewart_Streich87@hotmail.com"
"190";"Alexis";"Skiles";"Alexis.Skiles@hotmail.com"
"191";"Eunice";"Ernser";"Eunice_Ernser@hotmail.com"
"192";"Horace";"Boehm";"Horace_Boehm83@yahoo.com"
"193";"Vicky";"Hessel";"Vicky_Hessel@gmail.com"
"194";"Kerry";"Johnson";"Kerry42@hotmail.com"
"195";"Myrtle";"Schamberger";"Myrtle.Schamberger2@gmail.com"
"196";"Toni";"Satterfield";"Toni_Satterfield9@yahoo.com"
"197";"Alex";"Lemke-Macejkovic";"Alex.Lemke-Macejkovic@yahoo.com"
"198";"Oscar";"Oberbrunner";"Oscar_Oberbrunner@yahoo.com"
"199";"Mary";"Olson";"Mary.Olson86@gmail.com"
"200";"Justin";"Hills";"Justin70@gmail.com"
"201";"Rodney";"Thompson";"Rodney.Thompson@gmail.com"
"202";"Ira";"Skiles";"Ira.Skiles@gmail.com"
"203";"Dwayne";"Ondricka";"Dwayne77@gmail.com"
"204";"Marcos";"Kutch";"Marcos_Kutch@yahoo.com"
"205";"Bethany";"Stoltenberg";"Bethany.Stoltenberg0@yahoo.com"
"206";"Ken";"Ernser";"Ken.Ernser15@hotmail.com"
"207";"Grace";"Rosenbaum";"Grace.Rosenbaum59@gmail.com"
"208";"Rolando";"Hermann";"Rolando.Hermann@gmail.com"
"209";"Della";"Zieme";"Della_Zieme3@gmail.com"
"210";"Terry";"Crooks";"Terry_Crooks@yahoo.com"
"211";"Karen";"Spinka-Graham";"Karen51@hotmail.com"
"212";"Irene";"Bernier";"Irene14@hotmail.com"
"213";"Cheryl";"Dickens";"Cheryl.Dickens@gmail.com"
"214";"Alberta";"Hettinger";"Alberta26@hotmail.com"
"215";"Maryann";"Bergnaum";"Maryann_Bergnaum89@gmail.com"
"216";"Kelli";"Block";"Kelli35@gmail.com"
"217";"Alberta";"Spencer-Kessler";"Alberta_Spencer-Kessler21@yahoo.com"
"218";"Floyd";"Stark";"Floyd.Stark@gmail.com"
"219";"Marsha";"McGlynn";"Marsha.McGlynn@gmail.com"
"220";"Michele";"Mohr";"Michele_Mohr@gmail.com"
"221";"Lamar";"Veum-Feil";"Lamar_Veum-Feil@yahoo.com"
"222";"Vanessa";"Rippin";"Vanessa_Rippin72@gmail.com"
"223";"Ralph";"Hessel";"Ralph.Hessel21@hotmail.com"
"224";"Karen";"Strosin";"Karen_Strosin27@gmail.com"
"225";"Eddie";"Schroeder";"Eddie41@hotmail.com"
"226";"Trevor";"Schuster";"Trevor.Schuster81@gmail.com"
"227";"Jan";"Murazik";"Jan7@hotmail.com"
"228";"Juana";"McKenzie";"Juana_McKenzie12@hotmail.com"
"229";"Lindsey";"Koepp";"Lindsey45@hotmail.com"
"230";"Marcella";"Haag-Casper";"Marcella_Haag-Casper@hotmail.com"
"231";"Stuart";"Hudson";"Stuart_Hudson69@gmail.com"
"232";"Clyde";"Wuckert";"Clyde.Wuckert26@hotmail.com"
"233";"Rodolfo";"Kautzer";"Rodolfo58@hotmail.com"
"234";"Ismael";"Bogisich";"Ismael_Bogisich77@gmail.com"
"235";"Shannon";"Kilback";"Shannon.Kilback@gmail.com"
"236";"Clyde";"Hayes";"Clyde.Hayes@yahoo.com"
"237";"Arlene";"Yundt";"Arlene_Yundt23@yahoo.com"
"238";"Joseph";"Willms";"Joseph_Willms@hotmail.com"
"239";"Levi";"Padberg";"Levi_Padberg@hotmail.com"
"240";"Raquel";"Hermann";"Raquel98@gmail.com"
"241";"Jacquelyn";"Vandervort";"Jacquelyn36@hotmail.com"
"242";"Sylvia";"Funk";"Sylvia50@gmail.com"
"243";"Bill";"Williamson";"Bill.Williamson72@hotmail.com"
"244";"Veronica";"McGlynn";"Veronica.McGlynn23@hotmail.com"
"245";"Guillermo";"Herzog-Wisozk";"Guillermo_Herzog-Wisozk78@hotmail.com"
"246";"Shannon";"Bashirian";"Shannon_Bashirian@gmail.com"
"247";"Ora";"Lubowitz";"Ora_Lubowitz7@gmail.com"
"248";"Angelina";"Heidenreich";"Angelina.Heidenreich20@gmail.com"
"249";"Candace";"Leannon";"Candace7@yahoo.com"
"250";"Antoinette";"Carter";"Antoinette65@yahoo.com"
"251";"Brad";"Considine";"Brad71@gmail.com"
"252";"Pam";"Wyman";"Pam67@gmail.com"
"253";"Anita";"Donnelly";"Anita5@hotmail.com"
"254";"April";"Kulas";"April.Kulas@yahoo.com"
"255";"Alejandro";"Maggio";"Alejandro_Maggio@gmail.com"
"256";"Sherri";"Kuphal";"Sherri_Kuphal35@gmail.com"
"257";"Glen";"Rutherford";"Glen79@yahoo.com"
"258";"Rex";"Muller";"Rex.Muller35@gmail.com"
"259";"Elbert";"Hayes";"Elbert.Hayes84@hotmail.com"
"260";"Olive";"Douglas";"Olive43@gmail.com"
"261";"John";"Grant";"John.Grant@yahoo.com"
"262";"Jesus";"Mertz";"Jesus_Mertz@gmail.com"
"263";"Lillian";"Marvin";"Lillian.Marvin@yahoo.com"
"264";"Miranda";"Crooks";"Miranda9@hotmail.com"
"265";"Jodi";"Bailey";"Jodi0@hotmail.com"
"266";"Kelvin";"Daniel";"Kelvin8@yahoo.com"
"267";"Bob";"Howe";"Bob44@hotmail.com"
"268";"Sarah";"Grant";"Sarah.Grant4@gmail.com"
"269";"Francis";"Kshlerin";"Francis.Kshlerin58@hotmail.com"
"270";"Brittany";"Walsh";"Brittany98@yahoo.com"
"271";"Joshua";"Metz";"Joshua_Metz13@yahoo.com"
"272";"Marlon";"Runolfsdottir";"Marlon93@hotmail.com"
"273";"Wendy";"Schultz";"Wendy93@hotmail.com"
"274";"Betsy";"Stokes";"Betsy54@yahoo.com"
"275";"Erik";"Hansen";"Erik.Hansen@yahoo.com"
"276";"Sheila";"Kautzer";"Sheila.Kautzer60@hotmail.com"
"277";"Ron";"Lowe";"Ron.Lowe97@yahoo.com"
"278";"Scott";"MacGyver";"Scott.MacGyver@hotmail.com"
"279";"Kristine";"Pfeffer";"Kristine94@gmail.com"
"280";"Nettie";"Mills";"Nettie_Mills@yahoo.com"
"281";"Jonathan";"Schmitt";"Jonathan_Schmitt22@gmail.com"
"282";"Angel";"Gusikowski";"Angel.Gusikowski@yahoo.com"
"283";"Tanya";"Shields";"Tanya.Shields@hotmail.com"
"284";"Alex";"Lemke";"Alex_Lemke@hotmail.com"
"285";"Adrian";"Ferry";"Adrian.Ferry17@hotmail.com"
"286";"Melinda";"Farrell";"Melinda_Farrell27@hotmail.com"
"287";"Edna";"Cassin";"Edna44@gmail.com"
"288";"Steve";"Ebert";"Steve.Ebert82@hotmail.com"
"289";"Roosevelt";"Russel";"Roosevelt.Russel66@hotmail.com"
"290";"Kim";"Hilpert";"Kim_Hilpert44@gmail.com"
"291";"Tommie";"Rippin";"Tommie_Rippin64@hotmail.com"
"292";"Johnny";"Hagenes";"Johnny.Hagenes@hotmail.com"
"293";"Louis";"Boyle";"Louis_Boyle10@hotmail.com"
"294";"Monica";"Murazik";"Monica_Murazik7@hotmail.com"
"295";"Cameron";"Lockman";"Cameron_Lockman67@yahoo.com"
"296";"Leslie";"Stehr";"Leslie43@hotmail.com"
"297";"Terence";"Nikolaus";"Terence.Nikolaus@gmail.com"
"298";"Darla";"Ondricka";"Darla_Ondricka@gmail.com"
"299";"Robert";"Wiegand";"Robert.Wiegand@gmail.com"
"300";"Faith";"Funk";"Faith_Funk@hotmail.com"
"301";"Jorge";"Bode";"Jorge_Bode38@gmail.com"
"302";"Tommie";"Homenick";"Tommie.Homenick88@yahoo.com"
"303";"Diana";"Schaefer";"Diana82@hotmail.com"
"304";"Norma";"Durgan";"Norma.Durgan@gmail.com"
"305";"Erma";"Turner";"Erma34@yahoo.com"
"306";"Angelina";"Moen-Gulgowski";"Angelina.Moen-Gulgowski23@gmail.com"
"307";"Yolanda";"Grant";"Yolanda.Grant@gmail.com"
"308";"Irvin";"Mohr";"Irvin27@hotmail.com"
"309";"Adam";"Kilback";"Adam_Kilback@gmail.com"
"310";"Cameron";"Tillman";"Cameron12@gmail.com"
"311";"Wilbert";"Schulist";"Wilbert.Schulist75@gmail.com"
"312";"Paulette";"Zboncak";"Paulette.Zboncak33@hotmail.com"
"313";"Eric";"Doyle";"Eric.Doyle@gmail.com"
"314";"Sabrina";"Strosin";"Sabrina.Strosin38@yahoo.com"
"315";"Lamar";"Daniel";"Lamar_Daniel45@yahoo.com"
"316";"Jody";"Botsford";"Jody_Botsford@gmail.com"
"317";"Rodolfo";"Block";"Rodolfo.Block@hotmail.com"
"318";"Jon";"Gislason";"Jon_Gislason39@hotmail.com"
"319";"Pat";"Koss";"Pat_Koss@yahoo.com"
"320";"Kendra";"Sipes";"Kendra.Sipes@gmail.com"
"321";"Don";"Powlowski";"Don.Powlowski@gmail.com"
"322";"Freda";"Block";"Freda86@hotmail.com"
"323";"Bert";"Wolf";"Bert.Wolf93@gmail.com"
"324";"Orville";"Berge";"Orville27@yahoo.com"
"325";"Bobbie";"Mraz";"Bobbie_Mraz@gmail.com"
"326";"Edgar";"Donnelly";"Edgar_Donnelly69@gmail.com"
"327";"Darrel";"Lockman";"Darrel_Lockman30@gmail.com"
"328";"Jennifer";"Wyman";"Jennifer80@gmail.com"
"329";"Kathleen";"Marquardt";"Kathleen_Marquardt@yahoo.com"
"330";"Lynne";"Kessler";"Lynne26@hotmail.com"
"331";"Clay";"Gislason";"Clay2@gmail.com"
"332";"Alma";"Champlin";"Alma.Champlin@hotmail.com"
"333";"Clark";"Torp";"Clark_Torp@yahoo.com"
"334";"Cynthia";"Pacocha";"Cynthia73@gmail.com"
"335";"Terence";"Monahan";"Terence11@gmail.com"
"336";"Horace";"Bode";"Horace_Bode@yahoo.com"
"337";"Jean";"Leannon";"Jean_Leannon48@gmail.com"
"338";"Hannah";"Howe";"Hannah77@gmail.com"
"339";"Sheldon";"Herzog";"Sheldon70@hotmail.com"
"340";"Neal";"Krajcik";"Neal.Krajcik@hotmail.com"
"341";"June";"Powlowski";"June.Powlowski31@hotmail.com"
"342";"David";"Kilback";"David_Kilback@gmail.com"
"343";"Vincent";"Vandervort";"Vincent.Vandervort97@hotmail.com"
"344";"Mike";"Schowalter";"Mike58@hotmail.com"
"345";"Roderick";"Howe";"Roderick.Howe52@yahoo.com"
"346";"Stanley";"Abbott-Thiel";"Stanley28@gmail.com"
"347";"Carrie";"Reichert";"Carrie90@gmail.com"
"348";"Essie";"Dare";"Essie.Dare@hotmail.com"
"349";"Gerald";"Swaniawski";"Gerald.Swaniawski@yahoo.com"
"350";"Guadalupe";"Kutch";"Guadalupe_Kutch@gmail.com"
"351";"Randall";"Feil";"Randall.Feil76@yahoo.com"
"352";"Dolores";"Weissnat";"Dolores7@hotmail.com"
"353";"Moses";"Sauer";"Moses.Sauer@gmail.com"
"354";"Alicia";"Will";"Alicia.Will25@yahoo.com"
"355";"William";"Kihn";"William91@gmail.com"
"356";"Jesus";"Bayer";"Jesus80@yahoo.com"
"357";"Michele";"Mayert";"Michele.Mayert@hotmail.com"
"358";"Christian";"Lueilwitz";"Christian_Lueilwitz@gmail.com"
"359";"Mandy";"Gusikowski";"Mandy.Gusikowski38@gmail.com"
"360";"Ellis";"Ruecker";"Ellis.Ruecker@gmail.com"
"361";"Jimmy";"Nader";"Jimmy.Nader38@yahoo.com"
"362";"Georgia";"Johnston";"Georgia89@hotmail.com"
"363";"Josh";"Green";"Josh69@hotmail.com"
"364";"Leslie";"Haag";"Leslie7@yahoo.com"
"365";"Enrique";"Goyette";"Enrique43@yahoo.com"
"366";"Ray";"Gislason";"Ray.Gislason12@hotmail.com"
"367";"Vivian";"Bins";"Vivian.Bins38@yahoo.com"
"368";"Lori";"Harvey";"Lori_Harvey17@hotmail.com"
"369";"Emmett";"Mayert";"Emmett.Mayert@hotmail.com"
"370";"Myra";"Tremblay";"Myra.Tremblay53@yahoo.com"
"371";"Micheal";"Watsica";"Micheal_Watsica40@gmail.com"
"372";"Jeremiah";"Kunde";"Jeremiah84@yahoo.com"
"373";"Esther";"Mante";"Esther_Mante65@hotmail.com"
"374";"Dianna";"Franey";"Dianna_Franey@yahoo.com"
"375";"Edmond";"Simonis-Hermiston";"Edmond.Simonis-Hermiston@yahoo.com"
"376";"Philip";"Little";"Philip.Little@yahoo.com"
"377";"Mack";"Walsh";"Mack11@hotmail.com"
"378";"Frankie";"Denesik";"Frankie.Denesik@yahoo.com"
"379";"Harriet";"Lubowitz";"Harriet_Lubowitz@yahoo.com"
"380";"Emily";"Quitzon-Champlin";"Emily_Quitzon-Champlin@gmail.com"
"381";"Hugo";"Hayes";"Hugo_Hayes28@yahoo.com"
"382";"Jerald";"Marks-Berge";"Jerald52@yahoo.com"
"383";"Miguel";"Kihn";"Miguel.Kihn47@yahoo.com"
"384";"Lola";"Bergstrom";"Lola.Bergstrom45@yahoo.com"
"385";"Eugene";"Koss";"Eugene2@gmail.com"
"386";"Bobbie";"Goodwin";"Bobbie.Goodwin1@hotmail.com"
"387";"Lola";"Crooks";"Lola13@yahoo.com"
"388";"Ashley";"Walsh";"Ashley_Walsh38@hotmail.com"
"389";"Gloria";"Little";"Gloria69@gmail.com"
"390";"Viola";"D'Amore-Greenholt";"Viola80@hotmail.com"
"391";"Doug";"Ledner";"Doug62@yahoo.com"
"392";"Jacquelyn";"Johns";"Jacquelyn.Johns77@hotmail.com"
"393";"Peggy";"Runolfsson";"Peggy_Runolfsson@hotmail.com"
"394";"Chad";"Greenholt";"Chad16@gmail.com"
"395";"Tommy";"Luettgen";"Tommy.Luettgen93@gmail.com"
"396";"Ross";"Heathcote";"Ross_Heathcote53@hotmail.com"
"397";"Marc";"Stanton";"Marc.Stanton@gmail.com"
"398";"Hilda";"Harris";"Hilda_Harris44@yahoo.com"
"399";"Maryann";"Hyatt";"Maryann45@yahoo.com"
"400";"Megan";"Schowalter";"Megan.Schowalter93@hotmail.com"
"401";"Loretta";"Ondricka";"Loretta.Ondricka1@yahoo.com"
"402";"Patricia";"Bruen";"Patricia.Bruen@yahoo.com"
"403";"Orlando";"Parker";"Orlando_Parker@yahoo.com"
"404";"Nick";"Schamberger";"Nick.Schamberger16@gmail.com"
"405";"Geraldine";"Bednar";"Geraldine.Bednar57@yahoo.com"
"406";"Cornelius";"Kautzer";"Cornelius47@yahoo.com"
"407";"Rex";"Welch";"Rex_Welch@gmail.com"
"408";"Jeffrey";"Strosin";"Jeffrey_Strosin@yahoo.com"
"409";"Dominick";"Hilll";"Dominick76@gmail.com"
"410";"Nellie";"Durgan";"Nellie45@hotmail.com"
"411";"Tim";"Buckridge";"Tim_Buckridge@gmail.com"
"412";"Mabel";"Haag-Jenkins";"Mabel.Haag-Jenkins20@yahoo.com"
"413";"Alejandro";"Lindgren";"Alejandro.Lindgren@gmail.com"
"414";"Nettie";"Harber";"Nettie_Harber@gmail.com"
"415";"Guy";"Haley";"Guy40@hotmail.com"
"416";"Sarah";"Stracke";"Sarah61@yahoo.com"
"417";"Olivia";"Bayer";"Olivia.Bayer@hotmail.com"
"418";"Mary";"Doyle";"Mary_Doyle91@yahoo.com"
"419";"Rosemarie";"Murphy";"Rosemarie50@hotmail.com"
"420";"Penny";"Mills";"Penny43@yahoo.com"
"421";"Todd";"Dare";"Todd_Dare@hotmail.com"
"422";"Roosevelt";"Dickinson";"Roosevelt_Dickinson61@hotmail.com"
"423";"Julius";"Wintheiser";"Julius_Wintheiser@yahoo.com"
"424";"Thomas";"Stamm";"Thomas37@gmail.com"
"425";"Leigh";"Labadie";"Leigh13@yahoo.com"
"426";"Seth";"Abshire";"Seth57@gmail.com"
"427";"Bessie";"Buckridge";"Bessie42@gmail.com"
"428";"Manuel";"Beier";"Manuel_Beier62@yahoo.com"
"429";"Annette";"Ryan";"Annette.Ryan@gmail.com"
"430";"Susan";"Reichert";"Susan.Reichert@hotmail.com"
"431";"Clarence";"Price";"Clarence_Price@gmail.com"
"432";"Marguerite";"Olson";"Marguerite.Olson15@gmail.com"
"433";"Jeannie";"Rutherford";"Jeannie.Rutherford99@hotmail.com"
"434";"Ivan";"Boyle-Marvin";"Ivan88@yahoo.com"
"435";"Josefina";"O'Hara";"Josefina_OHara@gmail.com"
"436";"Joe";"Botsford";"Joe_Botsford@hotmail.com"
"437";"Ray";"Auer";"Ray_Auer@yahoo.com"
"438";"Tanya";"Gulgowski-Kohler";"Tanya71@yahoo.com"
"439";"Richard";"Johnston";"Richard.Johnston13@hotmail.com"
"440";"Kristie";"Gottlieb";"Kristie_Gottlieb44@hotmail.com"
"441";"Tami";"Dibbert";"Tami.Dibbert25@hotmail.com"
"442";"Marshall";"Stanton";"Marshall.Stanton@gmail.com"
"443";"Hilda";"Buckridge";"Hilda.Buckridge99@gmail.com"
"444";"Christine";"Turner";"Christine_Turner@hotmail.com"
"445";"Hazel";"Moen";"Hazel.Moen@gmail.com"
"446";"Michael";"Wunsch";"Michael_Wunsch@hotmail.com"
"447";"Lindsey";"Jacobson";"Lindsey.Jacobson8@hotmail.com"
"448";"Charles";"Davis-Jacobs";"Charles_Davis-Jacobs84@gmail.com"
"449";"Abraham";"Schiller";"Abraham98@yahoo.com"
"450";"Casey";"Kemmer";"Casey33@hotmail.com"
"451";"Taylor";"Feeney";"Taylor75@yahoo.com"
"452";"Marie";"Ruecker";"Marie.Ruecker@yahoo.com"
"453";"Alison";"Reynolds";"Alison.Reynolds@gmail.com"
"454";"Beth";"Bednar";"Beth_Bednar@gmail.com"
"455";"Eugene";"Hammes-Ward";"Eugene50@hotmail.com"
"456";"Kate";"Toy";"Kate.Toy@yahoo.com"
"457";"Helen";"Predovic";"Helen.Predovic70@hotmail.com"
"458";"Richard";"Lowe";"Richard34@yahoo.com"
"459";"Nelson";"Gutkowski";"Nelson.Gutkowski@yahoo.com"
"460";"Kate";"Kirlin";"Kate.Kirlin@gmail.com"
"461";"Bruce";"Zemlak";"Bruce.Zemlak21@gmail.com"
"462";"Malcolm";"Miller";"Malcolm55@yahoo.com"
"463";"Shelley";"Mohr";"Shelley12@yahoo.com"
"464";"Kristine";"Spencer";"Kristine.Spencer@hotmail.com"
"465";"Melanie";"Olson";"Melanie.Olson9@gmail.com"
"466";"Willie";"Johnson";"Willie.Johnson@yahoo.com"
"467";"Florence";"Walker";"Florence99@hotmail.com"
"468";"Steven";"D'Amore";"Steven64@gmail.com"
"469";"Dana";"Little";"Dana.Little88@gmail.com"
"470";"Angel";"Herman";"Angel.Herman39@gmail.com"
"471";"Bob";"Weber";"Bob_Weber45@gmail.com"
"472";"Brendan";"Leffler";"Brendan76@gmail.com"
"473";"Julio";"Schmidt";"Julio_Schmidt12@gmail.com"
"474";"Ted";"Barrows";"Ted_Barrows8@hotmail.com"
"475";"Rufus";"Adams";"Rufus.Adams91@gmail.com"
"476";"Maria";"Huel";"Maria26@gmail.com"
"477";"Lana";"Treutel";"Lana.Treutel22@gmail.com"
"478";"Jeremiah";"Abbott";"Jeremiah.Abbott@hotmail.com"
"479";"Victoria";"King";"Victoria_King@hotmail.com"
"480";"Jimmy";"Halvorson";"Jimmy27@yahoo.com"
"481";"Irving";"Abbott";"Irving_Abbott@gmail.com"
"482";"Rose";"Upton";"Rose.Upton75@gmail.com"
"483";"Ramiro";"Runolfsdottir";"Ramiro.Runolfsdottir@yahoo.com"
"484";"Jackie";"Schmeler";"Jackie79@hotmail.com"
"485";"Roy";"Nader";"Roy.Nader83@gmail.com"
"486";"Elmer";"Sporer";"Elmer.Sporer22@hotmail.com"
"487";"Heidi";"Rath";"Heidi66@yahoo.com"
"488";"Daryl";"Skiles";"Daryl37@hotmail.com"
"489";"Nicholas";"Botsford";"Nicholas.Botsford93@yahoo.com"
"490";"Arthur";"Willms";"Arthur19@gmail.com"
"491";"Danielle";"Schaden";"Danielle.Schaden@yahoo.com"
"492";"Orlando";"Turcotte";"Orlando_Turcotte@gmail.com"
"493";"Karen";"Cassin";"Karen_Cassin@hotmail.com"
"494";"Kara";"Kihn";"Kara.Kihn6@hotmail.com"
"495";"Phil";"Sanford";"Phil.Sanford32@hotmail.com"
"496";"Lloyd";"Mann";"Lloyd_Mann@gmail.com"
"497";"Trevor";"Maggio";"Trevor.Maggio48@yahoo.com"
"498";"Cody";"Collins";"Cody_Collins68@gmail.com"
"499";"Marty";"Bruen";"Marty63@gmail.com"
"500";"Shannon";"Grady";"Shannon_Grady4@yahoo.com"
"501";"Carmen";"Conroy";"Carmen_Conroy91@hotmail.com"
"502";"Angelica";"Kessler-Treutel";"Angelica75@yahoo.com"
"503";"Jorge";"Schamberger";"Jorge.Schamberger@gmail.com"
"504";"Anne";"Muller";"Anne_Muller@gmail.com"
"505";"Dana";"Champlin";"Dana_Champlin@hotmail.com"
"506";"Lyle";"Terry";"Lyle64@gmail.com"
"507";"Susan";"Jacobi";"Susan.Jacobi18@hotmail.com"
"508";"Guillermo";"O'Conner";"Guillermo.OConner42@yahoo.com"
"509";"Leona";"Leuschke";"Leona40@hotmail.com"
"510";"Krystal";"Barrows";"Krystal.Barrows46@yahoo.com"
"511";"Felipe";"Graham";"Felipe.Graham43@gmail.com"
"512";"Tim";"Fay";"Tim_Fay56@yahoo.com"
"513";"Diane";"Olson";"Diane.Olson@yahoo.com"
"514";"Robert";"Schroeder";"Robert_Schroeder@gmail.com"
"515";"Mae";"Leffler-Skiles";"Mae24@gmail.com"
"516";"June";"Brown";"June.Brown69@gmail.com"
"517";"Jake";"Steuber";"Jake_Steuber60@gmail.com"
"518";"Bob";"Fahey";"Bob39@yahoo.com"
"519";"Angela";"Graham";"Angela.Graham53@yahoo.com"
"520";"Lola";"Bednar";"Lola44@yahoo.com"
"521";"Dana";"Stracke";"Dana_Stracke@gmail.com"
"522";"Jared";"Hodkiewicz";"Jared.Hodkiewicz@yahoo.com"
"523";"Ashley";"Schmeler";"Ashley57@yahoo.com"
"524";"Earnest";"Koelpin";"Earnest69@hotmail.com"
"525";"Calvin";"Bogisich";"Calvin36@hotmail.com"
"526";"Jana";"Kub";"Jana31@hotmail.com"
"527";"Janie";"Watsica";"Janie_Watsica31@hotmail.com"
"528";"Katrina";"Lakin";"Katrina_Lakin@hotmail.com"
"529";"Roxanne";"Jones";"Roxanne.Jones@hotmail.com"
"530";"Willie";"Collier";"Willie.Collier@yahoo.com"
"531";"Brendan";"Shanahan";"Brendan82@yahoo.com"
"532";"Zachary";"Mills";"Zachary_Mills@hotmail.com"
"533";"Eva";"Sanford";"Eva.Sanford@hotmail.com"
"534";"Abel";"Gleichner";"Abel_Gleichner@hotmail.com"
"535";"Mamie";"Balistreri";"Mamie29@yahoo.com"
"536";"Rachael";"Bartell";"Rachael.Bartell60@hotmail.com"
"537";"Orlando";"Schuster";"Orlando_Schuster@yahoo.com"
"538";"Mamie";"Bashirian";"Mamie91@hotmail.com"
"539";"Jesus";"Ankunding";"Jesus.Ankunding@yahoo.com"
"540";"Rogelio";"O'Hara";"Rogelio_OHara3@yahoo.com"
"541";"Denise";"Larkin";"Denise32@gmail.com"
"542";"Jaime";"Dicki-Powlowski";"Jaime98@gmail.com"
"543";"Ricky";"Fahey";"Ricky.Fahey19@yahoo.com"
"544";"Phil";"Bins";"Phil.Bins@gmail.com"
"545";"Carole";"Fritsch";"Carole_Fritsch27@yahoo.com"
"546";"Dianne";"Hermiston";"Dianne.Hermiston@hotmail.com"
"547";"Melody";"O'Connell";"Melody37@gmail.com"
"548";"Rodney";"Kozey";"Rodney.Kozey51@gmail.com"
"549";"Jeremiah";"Ondricka";"Jeremiah_Ondricka61@hotmail.com"
"550";"Santiago";"Gerlach";"Santiago41@gmail.com"
"551";"Angelina";"Bernier";"Angelina.Bernier@hotmail.com"
"552";"Faith";"Tillman";"Faith.Tillman10@yahoo.com"
"553";"Wendy";"Bruen";"Wendy_Bruen@hotmail.com"
"554";"Estelle";"Gottlieb";"Estelle.Gottlieb4@gmail.com"
"555";"Melinda";"Kautzer";"Melinda_Kautzer72@hotmail.com"
"556";"Maria";"Ziemann";"Maria_Ziemann54@yahoo.com"
"557";"Sadie";"Feil-Farrell";"Sadie.Feil-Farrell@yahoo.com"
"558";"Jordan";"Langworth";"Jordan_Langworth52@hotmail.com"
"559";"Jordan";"Armstrong";"Jordan6@gmail.com"
"560";"Tammy";"Wyman";"Tammy.Wyman@yahoo.com"
"561";"Misty";"Kub";"Misty.Kub@yahoo.com"
"562";"Thelma";"Hyatt";"Thelma27@yahoo.com"
"563";"Brian";"Lebsack";"Brian.Lebsack@gmail.com"
"564";"Joshua";"Strosin";"Joshua99@hotmail.com"
"565";"Alfredo";"Johnson";"Alfredo19@gmail.com"
"566";"Antoinette";"Mitchell";"Antoinette.Mitchell91@yahoo.com"
"567";"Andres";"Koss";"Andres76@yahoo.com"
"568";"Beth";"Schoen";"Beth.Schoen@yahoo.com"
"569";"Lydia";"Schulist";"Lydia.Schulist42@yahoo.com"
"570";"June";"Schimmel";"June64@gmail.com"
"571";"Maureen";"Mitchell";"Maureen27@yahoo.com"
"572";"Annie";"Larson";"Annie73@hotmail.com"
"573";"Keith";"Mills";"Keith.Mills86@gmail.com"
"574";"Blanca";"Wisozk";"Blanca9@hotmail.com"
"575";"Flora";"Heathcote";"Flora_Heathcote@gmail.com"
"576";"Chris";"Cummings";"Chris_Cummings@hotmail.com"
"577";"Kevin";"Volkman";"Kevin.Volkman@gmail.com"
"578";"Jamie";"Roob";"Jamie12@hotmail.com"
"579";"Javier";"Turcotte";"Javier.Turcotte@yahoo.com"
"580";"Alexander";"Kiehn";"Alexander_Kiehn39@gmail.com"
"581";"Vicky";"Roob";"Vicky_Roob87@gmail.com"
"582";"Ted";"Predovic-Grimes";"Ted63@gmail.com"
"583";"Randy";"Feest";"Randy85@hotmail.com"
"584";"Rosie";"Armstrong";"Rosie_Armstrong47@yahoo.com"
"585";"Veronica";"Kemmer";"Veronica.Kemmer@gmail.com"
"586";"Terrence";"O'Kon";"Terrence.OKon63@gmail.com"
"587";"Chris";"Koch";"Chris_Koch17@hotmail.com"
"588";"Lorene";"Koepp";"Lorene.Koepp77@yahoo.com"
"589";"Casey";"Gusikowski";"Casey_Gusikowski9@gmail.com"
"590";"Curtis";"Schuster";"Curtis_Schuster26@hotmail.com"
"591";"Allison";"Tremblay";"Allison.Tremblay@hotmail.com"
"592";"Jason";"Johnston";"Jason.Johnston50@hotmail.com"
"593";"Aaron";"McDermott";"Aaron_McDermott45@gmail.com"
"594";"Irene";"Skiles";"Irene_Skiles80@hotmail.com"
"595";"Dave";"Lindgren";"Dave_Lindgren@hotmail.com"
"596";"Martin";"Oberbrunner";"Martin15@hotmail.com"
"597";"Elsa";"Dickens";"Elsa.Dickens86@gmail.com"
"598";"Gerardo";"Corkery";"Gerardo_Corkery@yahoo.com"
"599";"Aubrey";"Hintz";"Aubrey33@hotmail.com"
"600";"Jody";"Spinka";"Jody.Spinka@hotmail.com"
"601";"Maria";"Bahringer";"Maria.Bahringer11@hotmail.com"
"602";"Gina";"Effertz";"Gina.Effertz@yahoo.com"
"603";"Charles";"Greenholt";"Charles.Greenholt@hotmail.com"
"604";"Otis";"Littel";"Otis.Littel@yahoo.com"
"605";"Raymond";"Lubowitz";"Raymond.Lubowitz91@hotmail.com"
"606";"Doris";"Sanford-Brown";"Doris1@gmail.com"
"607";"Hattie";"Barton";"Hattie20@gmail.com"
"608";"Kristi";"Ratke";"Kristi71@hotmail.com"
"609";"Tommie";"Effertz-Farrell";"Tommie.Effertz-Farrell@gmail.com"
"610";"Jonathon";"Beahan";"Jonathon.Beahan@yahoo.com"
"611";"Bernice";"Crooks";"Bernice.Crooks@yahoo.com"
"612";"Wanda";"Dickens";"Wanda.Dickens@hotmail.com"
"613";"Philip";"Zieme";"Philip.Zieme46@hotmail.com"
"614";"Sheryl";"Thompson";"Sheryl31@yahoo.com"
"615";"Kevin";"Turcotte";"Kevin_Turcotte62@gmail.com"
"616";"Luz";"Effertz";"Luz66@yahoo.com"
"617";"Geoffrey";"Corwin";"Geoffrey.Corwin97@gmail.com"
"618";"Suzanne";"Hagenes";"Suzanne.Hagenes37@gmail.com"
"619";"Alfonso";"Mann";"Alfonso19@yahoo.com"
"620";"Myrtle";"Vandervort";"Myrtle63@gmail.com"
"621";"Johnny";"Nolan";"Johnny90@hotmail.com"
"622";"Oliver";"Koch";"Oliver.Koch40@hotmail.com"
"623";"Ann";"Ward";"Ann.Ward45@gmail.com"
"624";"Jose";"Kuhic";"Jose.Kuhic74@hotmail.com"
"625";"Charles";"Fadel";"Charles94@yahoo.com"
"626";"Aaron";"McKenzie";"Aaron21@hotmail.com"
"627";"Sophie";"Breitenberg";"Sophie10@yahoo.com"
"628";"Merle";"Nader";"Merle.Nader@gmail.com"
"629";"Rodolfo";"Bosco";"Rodolfo41@hotmail.com"
"630";"Cathy";"Wintheiser";"Cathy58@hotmail.com"
"631";"Jerome";"Corkery";"Jerome26@hotmail.com"
"632";"Antonio";"Gutkowski";"Antonio_Gutkowski30@yahoo.com"
"633";"Ivan";"Krajcik";"Ivan_Krajcik@yahoo.com"
"634";"Claude";"Corwin";"Claude.Corwin@gmail.com"
"635";"Kim";"Crona";"Kim42@gmail.com"
"636";"Dwight";"Carroll";"Dwight_Carroll@hotmail.com"
"637";"Peggy";"Leuschke";"Peggy75@yahoo.com"
"638";"Katie";"Ward";"Katie.Ward@hotmail.com"
"639";"Shane";"Bergnaum";"Shane.Bergnaum@yahoo.com"
"640";"Dean";"Terry";"Dean_Terry@hotmail.com"
"641";"Judith";"Von";"Judith52@gmail.com"
"642";"Eduardo";"Parisian";"Eduardo7@gmail.com"
"643";"Sue";"Streich";"Sue_Streich@gmail.com"
"644";"Adrienne";"Upton";"Adrienne37@gmail.com"
"645";"Theresa";"Gusikowski";"Theresa.Gusikowski@yahoo.com"
"646";"Loren";"Stamm";"Loren.Stamm78@hotmail.com"
"647";"Luther";"Jaskolski-Toy";"Luther.Jaskolski-Toy@hotmail.com"
"648";"Terry";"Bernhard";"Terry.Bernhard11@hotmail.com"
"649";"Greg";"Schmeler";"Greg_Schmeler64@yahoo.com"
"650";"Stanley";"Hyatt";"Stanley61@hotmail.com"
"651";"Rolando";"Roberts";"Rolando85@hotmail.com"
"652";"Arturo";"Simonis";"Arturo_Simonis79@hotmail.com"
"653";"Connie";"Miller";"Connie_Miller@hotmail.com"
"654";"Vicki";"Cummings";"Vicki17@yahoo.com"
"655";"Blake";"Leffler";"Blake.Leffler26@yahoo.com"
"656";"Irving";"Maggio";"Irving.Maggio25@yahoo.com"
"657";"Kristy";"Schowalter";"Kristy_Schowalter47@gmail.com"
"658";"Clifford";"Davis";"Clifford5@gmail.com"
"659";"Ken";"Harris";"Ken_Harris29@gmail.com"
"660";"Natalie";"Sauer";"Natalie_Sauer30@yahoo.com"
"661";"Winston";"Boyle";"Winston_Boyle@gmail.com"
"662";"William";"Kutch";"William25@gmail.com"
"663";"Toby";"Franecki";"Toby89@hotmail.com"
"664";"Lorraine";"Pfeffer";"Lorraine.Pfeffer85@gmail.com"
"665";"Edna";"Harris";"Edna_Harris8@yahoo.com"
"666";"Terry";"Kuhic";"Terry_Kuhic49@hotmail.com"
"667";"Caleb";"Kshlerin";"Caleb76@yahoo.com"
"668";"Saul";"Graham";"Saul74@gmail.com"
"669";"Nichole";"Bogan";"Nichole_Bogan@gmail.com"
"670";"Vanessa";"Koss";"Vanessa93@yahoo.com"
"671";"Glenda";"Abshire-Boyer";"Glenda_Abshire-Boyer24@yahoo.com"
"672";"Nicole";"Buckridge";"Nicole9@hotmail.com"
"673";"Esther";"Morissette";"Esther.Morissette72@hotmail.com"
"674";"Caroline";"Heathcote";"Caroline.Heathcote@hotmail.com"
"675";"Alberta";"Koelpin-Glover";"Alberta.Koelpin-Glover1@gmail.com"
"676";"Kirk";"Terry";"Kirk21@hotmail.com"
"677";"Roberto";"Stokes";"Roberto_Stokes24@gmail.com"
"678";"Latoya";"Cassin";"Latoya96@hotmail.com"
"679";"Alfonso";"Treutel";"Alfonso_Treutel@hotmail.com"
"680";"Joanne";"Cronin";"Joanne85@hotmail.com"
"681";"Marian";"Rosenbaum-Doyle";"Marian.Rosenbaum-Doyle98@yahoo.com"
"682";"Willie";"Schoen";"Willie_Schoen91@yahoo.com"
"683";"Gloria";"Hoppe";"Gloria_Hoppe@gmail.com"
"684";"Jo";"Feest";"Jo.Feest@gmail.com"
"685";"Floyd";"Herman";"Floyd1@yahoo.com"
"686";"Olive";"Hoeger";"Olive.Hoeger@gmail.com"
"687";"Claude";"Bernier";"Claude_Bernier24@gmail.com"
"688";"Carlton";"Brown";"Carlton_Brown@gmail.com"
"689";"Agnes";"Ruecker";"Agnes.Ruecker@gmail.com"
"690";"Edith";"Wiegand";"Edith_Wiegand94@hotmail.com"
"691";"Julius";"Shanahan";"Julius22@gmail.com"
"692";"Natasha";"Schoen";"Natasha.Schoen@yahoo.com"
"693";"Marco";"Turner";"Marco_Turner35@hotmail.com"
"694";"Melanie";"Veum";"Melanie_Veum49@yahoo.com"
"695";"Wendy";"Marquardt";"Wendy_Marquardt18@yahoo.com"
"696";"Elsa";"Gibson";"Elsa.Gibson96@gmail.com"
"697";"Irma";"Marvin";"Irma_Marvin@hotmail.com"
"698";"Rebecca";"Johns";"Rebecca87@yahoo.com"
"699";"Louise";"Beer";"Louise.Beer@hotmail.com"
"700";"Pat";"Halvorson";"Pat50@hotmail.com"
"701";"Raquel";"Schumm";"Raquel79@gmail.com"
"702";"Bob";"Franey";"Bob.Franey24@gmail.com"
"703";"Sabrina";"Reilly";"Sabrina4@yahoo.com"
"704";"Kristina";"Gulgowski";"Kristina.Gulgowski@hotmail.com"
"705";"Crystal";"Jacobs";"Crystal.Jacobs77@gmail.com"
"706";"Ashley";"Dibbert";"Ashley.Dibbert@yahoo.com"
"707";"Martha";"Abbott";"Martha74@hotmail.com"
"708";"Philip";"Schowalter-Ebert";"Philip.Schowalter-Ebert@gmail.com"
"709";"Pablo";"Leffler";"Pablo10@hotmail.com"
"710";"Jessie";"Predovic";"Jessie.Predovic13@yahoo.com"
"711";"Amanda";"Luettgen";"Amanda35@hotmail.com"
"712";"Francisco";"Rowe";"Francisco_Rowe72@gmail.com"
"713";"Geoffrey";"Rempel";"Geoffrey.Rempel@gmail.com"
"714";"Ron";"Rogahn";"Ron88@gmail.com"
"715";"Jeremy";"Brekke";"Jeremy1@yahoo.com"
"716";"Ruth";"Watsica";"Ruth_Watsica57@hotmail.com"
"717";"Peggy";"Reilly";"Peggy_Reilly@yahoo.com"
"718";"Wilma";"Schultz";"Wilma38@hotmail.com"
"719";"Shelley";"Morar";"Shelley_Morar93@hotmail.com"
"720";"Tommy";"Graham";"Tommy.Graham30@yahoo.com"
"721";"Bob";"O'Conner";"Bob_OConner@hotmail.com"
"722";"Natalie";"Upton";"Natalie_Upton@yahoo.com"
"723";"Marlon";"Murphy";"Marlon_Murphy10@hotmail.com"
"724";"Rudolph";"Volkman";"Rudolph.Volkman66@hotmail.com"
"725";"Elisa";"Mraz";"Elisa_Mraz@yahoo.com"
"726";"Celia";"Hirthe";"Celia.Hirthe@yahoo.com"
"727";"Monica";"Armstrong";"Monica19@hotmail.com"
"728";"Jenny";"Zulauf";"Jenny8@gmail.com"
"729";"Ernesto";"Miller";"Ernesto.Miller@hotmail.com"
"730";"Israel";"Prosacco-Rempel";"Israel_Prosacco-Rempel@hotmail.com"
"731";"Jennie";"Hirthe";"Jennie.Hirthe@hotmail.com"
"732";"Pat";"Wintheiser";"Pat.Wintheiser@gmail.com"
"733";"Anthony";"Russel";"Anthony.Russel65@hotmail.com"
"734";"Omar";"Schroeder";"Omar.Schroeder@gmail.com"
"735";"Shelley";"Keeling";"Shelley.Keeling88@hotmail.com"
"736";"Laurie";"Bradtke";"Laurie_Bradtke@yahoo.com"
"737";"Marc";"Turcotte";"Marc.Turcotte83@gmail.com"
"738";"Jeannie";"Oberbrunner";"Jeannie86@yahoo.com"
"739";"Karla";"Blanda";"Karla17@hotmail.com"
"740";"Cameron";"Durgan";"Cameron42@yahoo.com"
"741";"Gustavo";"Stanton";"Gustavo_Stanton21@hotmail.com"
"742";"Joanne";"Durgan";"Joanne63@yahoo.com"
"743";"Freda";"Murray";"Freda.Murray91@hotmail.com"
"744";"Claudia";"Emard-Marks";"Claudia_Emard-Marks@gmail.com"
"745";"Darrel";"Jakubowski";"Darrel.Jakubowski@hotmail.com"
"746";"Inez";"Williamson";"Inez_Williamson@hotmail.com"
"747";"Natalie";"Weissnat";"Natalie47@gmail.com"
"748";"Carlos";"Emmerich";"Carlos6@hotmail.com"
"749";"Jasmine";"Lehner";"Jasmine.Lehner@yahoo.com"
"750";"Matt";"Kerluke";"Matt58@hotmail.com"
"751";"Darryl";"Langosh";"Darryl81@gmail.com"
"752";"Bradford";"McLaughlin";"Bradford_McLaughlin62@gmail.com"
"753";"Juanita";"Kutch";"Juanita.Kutch75@yahoo.com"
"754";"Lynette";"Kilback";"Lynette56@yahoo.com"
"755";"Javier";"Tremblay-Beatty";"Javier53@gmail.com"
"756";"Rosemary";"Hackett";"Rosemary_Hackett@hotmail.com"
"757";"Norma";"Kutch";"Norma_Kutch@gmail.com"
"758";"Estelle";"Mann";"Estelle61@yahoo.com"
"759";"Lyle";"Hoeger";"Lyle_Hoeger41@gmail.com"
"760";"Janis";"Gorczany";"Janis81@hotmail.com"
"761";"Santos";"Abernathy";"Santos29@hotmail.com"
"762";"Clara";"Friesen";"Clara.Friesen65@gmail.com"
"763";"Sheila";"Wilkinson";"Sheila_Wilkinson@hotmail.com"
"764";"Lawrence";"Bernhard";"Lawrence99@hotmail.com"
"765";"Nathaniel";"D'Amore";"Nathaniel.DAmore38@hotmail.com"
"766";"Rochelle";"Gibson";"Rochelle.Gibson@hotmail.com"
"767";"Tommy";"Kozey";"Tommy_Kozey@gmail.com"
"768";"Felicia";"Lemke";"Felicia.Lemke@yahoo.com"
"769";"Lillie";"Fahey";"Lillie3@gmail.com"
"770";"Muriel";"Miller";"Muriel.Miller@gmail.com"
"771";"Charlotte";"Davis";"Charlotte11@hotmail.com"
"772";"Rebecca";"Bogisich";"Rebecca_Bogisich39@yahoo.com"
"773";"Juanita";"Rutherford";"Juanita_Rutherford84@yahoo.com"
"774";"Velma";"Abbott";"Velma5@hotmail.com"
"775";"Joey";"Vandervort";"Joey_Vandervort77@gmail.com"
"776";"Diane";"Weber";"Diane.Weber@hotmail.com"
"777";"Megan";"Parisian-Kulas";"Megan.Parisian-Kulas6@yahoo.com"
"778";"Mabel";"Kulas";"Mabel58@hotmail.com"
"779";"Janis";"Marks";"Janis_Marks19@yahoo.com"
"780";"Steve";"Schroeder";"Steve_Schroeder29@gmail.com"
"781";"Clyde";"Stiedemann";"Clyde.Stiedemann@gmail.com"
"782";"Andrew";"Stehr-Bergnaum";"Andrew.Stehr-Bergnaum@hotmail.com"
"783";"Allen";"Paucek";"Allen_Paucek@gmail.com"
"784";"Calvin";"Goldner-Satterfield";"Calvin_Goldner-Satterfield0@yahoo.com"
"785";"Agnes";"Legros";"Agnes35@hotmail.com"
"786";"Whitney";"Roberts";"Whitney.Roberts22@yahoo.com"
"787";"Lynne";"Wiza";"Lynne26@gmail.com"
"788";"Mable";"Moore";"Mable2@gmail.com"
"789";"Ed";"Fisher";"Ed76@yahoo.com"
"790";"Kelvin";"Harvey";"Kelvin_Harvey25@hotmail.com"
"791";"Vivian";"Mraz";"Vivian_Mraz@yahoo.com"
"792";"Nichole";"Boyle";"Nichole90@hotmail.com"
"793";"Tamara";"Rosenbaum";"Tamara_Rosenbaum71@hotmail.com"
"794";"Gertrude";"Waters";"Gertrude99@hotmail.com"
"795";"Sophia";"Walsh";"Sophia.Walsh@gmail.com"
"796";"Brandi";"Champlin";"Brandi.Champlin21@hotmail.com"
"797";"Elsa";"Willms";"Elsa_Willms@gmail.com"
"798";"Eddie";"Cartwright";"Eddie_Cartwright60@yahoo.com"
"799";"Ramiro";"Stark";"Ramiro.Stark@gmail.com"
"800";"Norman";"Glover";"Norman.Glover46@yahoo.com"
"801";"Gregory";"Schmitt";"Gregory46@yahoo.com"
"802";"Forrest";"Littel";"Forrest.Littel@yahoo.com"
"803";"Lynn";"Kohler";"Lynn21@hotmail.com"
"804";"Dora";"Ratke";"Dora_Ratke4@hotmail.com"
"805";"Gilberto";"Will";"Gilberto6@gmail.com"
"806";"Candice";"Dooley";"Candice49@gmail.com"
"807";"Glenn";"Wilderman";"Glenn_Wilderman14@hotmail.com"
"808";"Walter";"Gulgowski";"Walter40@yahoo.com"
"809";"Lillian";"Mills";"Lillian74@gmail.com"
"810";"Ricky";"Ziemann";"Ricky.Ziemann@hotmail.com"
"811";"Ivan";"Nicolas";"Ivan79@yahoo.com"
"812";"Evelyn";"Hane";"Evelyn93@hotmail.com"
"813";"Austin";"Ledner";"Austin_Ledner58@gmail.com"
"814";"Wilson";"Quitzon";"Wilson61@hotmail.com"
"815";"Alfredo";"Fadel";"Alfredo_Fadel@gmail.com"
"816";"Susie";"Veum";"Susie37@yahoo.com"
"817";"Rose";"Effertz";"Rose10@gmail.com"
"818";"Rudolph";"Monahan";"Rudolph.Monahan37@hotmail.com"
"819";"Iris";"Hilll";"Iris.Hilll@yahoo.com"
"820";"Fred";"Cassin";"Fred_Cassin42@hotmail.com"
"821";"Vicky";"Luettgen";"Vicky.Luettgen21@hotmail.com"
"822";"Paul";"Walter";"Paul43@yahoo.com"
"823";"Olivia";"Moore";"Olivia17@hotmail.com"
"824";"Domingo";"Pollich";"Domingo.Pollich@hotmail.com"
"825";"Leonard";"Mosciski";"Leonard.Mosciski72@gmail.com"
"826";"Leona";"Abbott";"Leona.Abbott@gmail.com"
"827";"Tammy";"Murphy";"Tammy_Murphy50@yahoo.com"
"828";"Rene";"Swaniawski";"Rene_Swaniawski72@hotmail.com"
"829";"Sergio";"Gleason";"Sergio_Gleason79@hotmail.com"
"830";"Lawrence";"Hand-Erdman";"Lawrence.Hand-Erdman90@gmail.com"
"831";"Roland";"Altenwerth";"Roland0@yahoo.com"
"832";"Lucas";"Cole";"Lucas22@gmail.com"
"833";"Andre";"Altenwerth";"Andre7@yahoo.com"
"834";"Carlton";"Kreiger";"Carlton37@hotmail.com"
"835";"Ebony";"Runte";"Ebony.Runte85@hotmail.com"
"836";"Angie";"Tillman-Little";"Angie_Tillman-Little13@yahoo.com"
"837";"Bobbie";"Schmeler";"Bobbie_Schmeler89@yahoo.com"
"838";"Kristie";"Welch";"Kristie15@gmail.com"
"839";"Marsha";"Terry";"Marsha.Terry91@gmail.com"
"840";"Kara";"Bergstrom";"Kara.Bergstrom83@gmail.com"
"841";"Susan";"Kohler";"Susan78@gmail.com"
"842";"Colleen";"Homenick";"Colleen.Homenick71@hotmail.com"
"843";"Otis";"Kuhic";"Otis93@gmail.com"
"844";"Jaime";"Prosacco-McCullough";"Jaime_Prosacco-McCullough48@gmail.com"
"845";"Lloyd";"Sanford";"Lloyd_Sanford@gmail.com"
"846";"Kent";"Weimann";"Kent.Weimann66@hotmail.com"
"847";"Daryl";"Lang";"Daryl_Lang28@gmail.com"
"848";"Jeremiah";"Smith";"Jeremiah.Smith@gmail.com"
"849";"Myrtle";"Littel";"Myrtle_Littel15@hotmail.com"
"850";"Clay";"Green";"Clay94@yahoo.com"
"851";"Bill";"Trantow";"Bill_Trantow88@hotmail.com"
"852";"Chester";"Jacobson";"Chester.Jacobson45@gmail.com"
"853";"Anthony";"Toy";"Anthony.Toy@yahoo.com"
"854";"Edmund";"King";"Edmund89@gmail.com"
"855";"Sammy";"Greenfelder";"Sammy_Greenfelder@gmail.com"
"856";"Maxine";"Connelly";"Maxine.Connelly@hotmail.com"
"857";"Felix";"Kassulke";"Felix54@gmail.com"
"858";"Rickey";"Green";"Rickey_Green@gmail.com"
"859";"Horace";"Hirthe";"Horace12@yahoo.com"
"860";"Irvin";"Schumm";"Irvin_Schumm@hotmail.com"
"861";"Wilbur";"Heller";"Wilbur_Heller65@yahoo.com"
"862";"Margaret";"Gottlieb";"Margaret_Gottlieb32@gmail.com"
"863";"Shelia";"White";"Shelia5@gmail.com"
"864";"Erica";"Kris";"Erica.Kris37@hotmail.com"
"865";"Constance";"Swaniawski";"Constance_Swaniawski@hotmail.com"
"866";"Sonja";"Cole";"Sonja.Cole48@hotmail.com"
"867";"Antonia";"Doyle";"Antonia.Doyle73@gmail.com"
"868";"Fredrick";"Spencer";"Fredrick_Spencer@gmail.com"
"869";"Edmond";"Beahan";"Edmond.Beahan@yahoo.com"
"870";"Samantha";"Doyle";"Samantha.Doyle28@yahoo.com"
"871";"Keith";"Tremblay";"Keith_Tremblay94@yahoo.com"
"872";"Marlon";"Ortiz";"Marlon.Ortiz68@yahoo.com"
"873";"Mack";"Haley";"Mack_Haley4@gmail.com"
"874";"Timmy";"Graham";"Timmy_Graham@hotmail.com"
"875";"William";"Bergnaum";"William.Bergnaum@yahoo.com"
"876";"Virginia";"Prohaska";"Virginia_Prohaska@hotmail.com"
"877";"Shane";"Rath";"Shane.Rath@gmail.com"
"878";"Roberto";"Franecki";"Roberto89@gmail.com"
"879";"Alison";"Haag";"Alison11@gmail.com"
"880";"Cody";"Dietrich";"Cody_Dietrich81@gmail.com"
"881";"Paulette";"Harvey-Hartmann";"Paulette.Harvey-Hartmann50@gmail.com"
"882";"Blanca";"Bahringer";"Blanca.Bahringer41@gmail.com"
"883";"Kim";"Ebert-Keebler";"Kim54@hotmail.com"
"884";"Salvatore";"Effertz";"Salvatore_Effertz@yahoo.com"
"885";"Kristen";"Leuschke";"Kristen_Leuschke43@gmail.com"
"886";"Carole";"Hane";"Carole75@yahoo.com"
"887";"Eileen";"Morissette";"Eileen97@hotmail.com"
"888";"Bill";"Hansen";"Bill93@gmail.com"
"889";"Kurt";"D'Amore";"Kurt8@yahoo.com"
"890";"Dustin";"Hilpert";"Dustin0@hotmail.com"
"891";"Darryl";"Pollich-Jakubowski";"Darryl_Pollich-Jakubowski10@gmail.com"
"892";"Lula";"Kilback";"Lula_Kilback@hotmail.com"
"893";"Marsha";"Shields";"Marsha12@yahoo.com"
"894";"Inez";"Heller";"Inez3@gmail.com"
"895";"Jessie";"Abshire";"Jessie_Abshire63@yahoo.com"
"896";"Grady";"MacGyver";"Grady_MacGyver25@yahoo.com"
"897";"Jose";"Murazik";"Jose31@yahoo.com"
"898";"Erika";"Breitenberg";"Erika_Breitenberg@hotmail.com"
"899";"Tami";"Nicolas";"Tami.Nicolas@gmail.com"
"900";"Mandy";"Ledner";"Mandy_Ledner58@yahoo.com"
"901";"Orlando";"Pfeffer";"Orlando.Pfeffer28@gmail.com"
"902";"Linda";"Hyatt";"Linda_Hyatt@yahoo.com"
"903";"Natasha";"Goldner";"Natasha_Goldner@gmail.com"
"904";"Michelle";"Schneider";"Michelle.Schneider93@yahoo.com"
"905";"Elizabeth";"Schaefer";"Elizabeth_Schaefer@hotmail.com"
"906";"Dawn";"Erdman";"Dawn.Erdman@gmail.com"
"907";"Rachel";"Pfeffer";"Rachel.Pfeffer98@gmail.com"
"908";"Cecilia";"Purdy";"Cecilia_Purdy@yahoo.com"
"909";"Opal";"Kunde";"Opal_Kunde45@gmail.com"
"910";"Emma";"Breitenberg";"Emma62@hotmail.com"
"911";"Clarence";"Schultz";"Clarence_Schultz@hotmail.com"
"912";"Robin";"McDermott";"Robin.McDermott@yahoo.com"
"913";"Courtney";"Koch";"Courtney.Koch35@yahoo.com"
"914";"Ray";"Waters";"Ray_Waters@hotmail.com"
"915";"Holly";"Batz";"Holly86@yahoo.com"
"916";"Angela";"Cremin";"Angela.Cremin9@yahoo.com"
"917";"Andy";"Rolfson";"Andy.Rolfson75@hotmail.com"
"918";"Opal";"Kozey";"Opal26@gmail.com"
"919";"Johanna";"Dickens";"Johanna.Dickens@yahoo.com"
"920";"Marshall";"Konopelski";"Marshall.Konopelski85@hotmail.com"
"921";"Bryan";"Jenkins-Hansen";"Bryan.Jenkins-Hansen15@hotmail.com"
"922";"Leslie";"Adams";"Leslie_Adams@yahoo.com"
"923";"Julian";"Bergnaum";"Julian.Bergnaum58@hotmail.com"
"924";"Rafael";"Balistreri";"Rafael_Balistreri78@gmail.com"
"925";"Johnnie";"Ullrich";"Johnnie.Ullrich78@hotmail.com"
"926";"Tony";"Sauer";"Tony.Sauer@yahoo.com"
"927";"Tim";"Schiller";"Tim.Schiller@hotmail.com"
"928";"Sandra";"Hartmann";"Sandra86@gmail.com"
"929";"Chad";"Greenholt";"Chad_Greenholt@yahoo.com"
"930";"Edith";"Fisher";"Edith_Fisher@yahoo.com"
"931";"Nathan";"Cremin";"Nathan.Cremin@hotmail.com"
"932";"Terrell";"Schimmel";"Terrell.Schimmel@gmail.com"
"933";"Everett";"Beer";"Everett84@hotmail.com"
"934";"Frankie";"Terry";"Frankie_Terry83@hotmail.com"
"935";"Max";"Langosh";"Max_Langosh76@hotmail.com"
"936";"Rhonda";"Goyette-Koss";"Rhonda_Goyette-Koss@yahoo.com"
"937";"Todd";"Rolfson";"Todd.Rolfson@hotmail.com"
"938";"Sarah";"Wisoky";"Sarah.Wisoky@hotmail.com"
"939";"Wendy";"Gleichner";"Wendy_Gleichner0@hotmail.com"
"940";"Bryant";"Herzog";"Bryant_Herzog67@yahoo.com"
"941";"Roberto";"Macejkovic";"Roberto58@yahoo.com"
"942";"Lydia";"Johns";"Lydia95@yahoo.com"
"943";"Cynthia";"Huels-Kovacek";"Cynthia_Huels-Kovacek49@hotmail.com"
"944";"Leland";"Fisher";"Leland82@hotmail.com"
"945";"Marco";"Blick";"Marco.Blick94@gmail.com"
"946";"Roy";"Abshire";"Roy.Abshire39@hotmail.com"
"947";"Melissa";"Casper";"Melissa.Casper77@gmail.com"
"948";"Eric";"O'Connell";"Eric.OConnell46@yahoo.com"
"949";"Alice";"Beahan";"Alice28@yahoo.com"
"950";"Ronnie";"Lind";"Ronnie.Lind@gmail.com"
"951";"Nancy";"Lang";"Nancy88@gmail.com"
"952";"Karen";"O'Hara";"Karen_OHara@hotmail.com"
"953";"Ted";"Krajcik";"Ted_Krajcik@yahoo.com"
"954";"Stewart";"McKenzie";"Stewart.McKenzie35@hotmail.com"
"955";"Patti";"Kovacek";"Patti.Kovacek@yahoo.com"
"956";"Marie";"Klocko";"Marie.Klocko73@hotmail.com"
"957";"Katie";"Beier";"Katie_Beier5@gmail.com"
"958";"Gilberto";"Littel";"Gilberto.Littel@gmail.com"
"959";"Sherri";"Lueilwitz";"Sherri_Lueilwitz4@gmail.com"
"960";"Loren";"Schmeler";"Loren_Schmeler@gmail.com"
"961";"Frank";"Koepp";"Frank54@yahoo.com"
"962";"Cody";"Upton";"Cody_Upton@gmail.com"
"963";"Alfred";"Hilll";"Alfred.Hilll@hotmail.com"
"964";"Mathew";"Cassin";"Mathew63@hotmail.com"
"965";"Sandra";"McKenzie";"Sandra_McKenzie@yahoo.com"
"966";"Stacey";"Boyle";"Stacey85@gmail.com"
"967";"Marc";"Corkery";"Marc.Corkery@hotmail.com"
"968";"Tanya";"Trantow";"Tanya7@yahoo.com"
"969";"Emma";"Daugherty";"Emma36@hotmail.com"
"970";"Wilbert";"Cole";"Wilbert18@hotmail.com"
"971";"Jose";"Schinner";"Jose.Schinner22@gmail.com"
"972";"Francis";"Wilderman";"Francis.Wilderman31@gmail.com"
"973";"Taylor";"Franecki";"Taylor52@yahoo.com"
"974";"Allison";"King";"Allison_King@yahoo.com"
"975";"Chad";"Conn";"Chad.Conn@hotmail.com"
"976";"Jane";"Schaden";"Jane_Schaden@hotmail.com"
"977";"Jeremy";"Leuschke";"Jeremy78@hotmail.com"
"978";"Janis";"Lesch-Gutmann";"Janis1@gmail.com"
"979";"Marcella";"Will";"Marcella_Will90@hotmail.com"
"980";"Hugo";"Kuvalis";"Hugo73@yahoo.com"
"981";"Roberta";"Connelly";"Roberta44@gmail.com"
"982";"Paul";"McGlynn";"Paul.McGlynn@gmail.com"
"983";"Rochelle";"Emmerich";"Rochelle11@yahoo.com"
"984";"Clara";"Rice";"Clara.Rice@hotmail.com"
"985";"Eva";"Kris";"Eva_Kris91@gmail.com"
"986";"Lora";"Roob";"Lora.Roob@hotmail.com"
"987";"Mathew";"Fahey";"Mathew.Fahey17@gmail.com"
"988";"Abel";"O'Conner";"Abel.OConner54@hotmail.com"
"989";"Noel";"Hagenes";"Noel81@yahoo.com"
"990";"Patti";"Powlowski";"Patti.Powlowski@hotmail.com"
"991";"Velma";"Schaden";"Velma26@hotmail.com"
"992";"Lois";"Spencer";"Lois.Spencer@gmail.com"
"993";"Kellie";"Yost";"Kellie94@hotmail.com"
"994";"Jeanette";"Yundt-Davis";"Jeanette16@yahoo.com"
"995";"Angelica";"Morar";"Angelica_Morar@yahoo.com"
"996";"Darryl";"Bergnaum";"Darryl43@gmail.com"
"997";"Lydia";"Pouros";"Lydia_Pouros@gmail.com"
"998";"Johnnie";"Brown";"Johnnie37@yahoo.com"
"999";"Kari";"Stamm";"Kari.Stamm@gmail.com"
"1000";"Adrian";"Lueilwitz";"Adrian_Lueilwitz62@gmail.com"